date,timestamp,mood_score,mood_label,energy,sleep,activity,anxiety,notes
22 Apr 2026,06:16,3,Okay,🥱 Low,6–8 hrs,None,3,
22 May 2026,11:05,4,Good,😐 Moderate,6–8 hrs,Moderate (30 min),7,
22 May 2026,11:05,4,Good,😐 Moderate,6–8 hrs,Moderate (30 min),7,
22 May 2026,11:05,4,Good,😐 Moderate,6–8 hrs,Moderate (30 min),7,
22 May 2026,11:07,1,Very Low,🥱 Low,4–6 hrs,Light walk,7,
22 May 2026,11:07,5,Great,⚡ High,6–8 hrs,Moderate (30 min),1,
22 May 2026,11:08,5,Great,😐 Moderate,8–10 hrs,Intense (60+ min),2,
22 May 2026,11:10,5,Great,😐 Moderate,8–10 hrs,Intense (60+ min),10,
22 May 2026,12:30,2,Low,😐 Moderate,< 4 hrs,Moderate (30 min),7,
22 May 2026,12:30,2,Low,😐 Moderate,< 4 hrs,Moderate (30 min),7,
22 May 2026,12:30,4,Good,😐 Moderate,< 4 hrs,Moderate (30 min),7,
22 May 2026,12:31,4,Good,😐 Moderate,8–10 hrs,Moderate (30 min),7,
22 May 2026,12:31,4,Good,😐 Moderate,8–10 hrs,Moderate (30 min),7,
